{ "tests":
    [
	{
	    "score": 8,
	    "max_score": 8,
	    "number": "Bit",
	    "output": "All tests pass!"
	},
	{
	    "score": 8,
	    "max_score": 8,
	    "number": "Fill",
	    "output": "All tests pass!"
	},
	{
	    "score": 21,
	    "max_score": 21,
	    "number": "FillStatic",
	    "output": "All tests pass!"
	},
	{
	    "score": 0,
	    "max_score": 21,
	    "number": "Mult",
	    "output": "Program not submitted"
	},
	{
	    "score": 13,
	    "max_score": 13,
	    "number": "PC",
	    "output": "All tests pass!"
	},
	{
	    "score": 0,
	    "max_score": 5,
	    "number": "RAM16K",
	    "output": "Circuit not submitted"
	},
	{
	    "score": 0,
	    "max_score": 5,
	    "number": "RAM4K",
	    "output": "Circuit not submitted"
	},
	{
	    "score": 0,
	    "max_score": 5,
	    "number": "RAM512",
	    "output": "Circuit not submitted"
	},
	{
	    "score": 8,
	    "max_score": 8,
	    "number": "RAM64",
	    "output": "All tests pass!"
	},
	{
	    "score": 13,
	    "max_score": 13,
	    "number": "RAM8",
	    "output": "All tests pass!"
	},
	{
	    "score": 3,
	    "max_score": 3,
	    "number": "Register",
	    "output": "All tests pass!"
	}
    ]
}
