{ "tests":
    [
	{
	    "score": 0,
	    "max_score": Bit,
	    "number": "Phase 03, test Bit: 8",
	    "output": "hasm.py not submitted"
	},
	{
	    "score": 0,
	    "max_score": PC,
	    "number": "Phase 03, test PC: 13",
	    "output": "hasm.py not submitted"
	},
	{
	    "score": 0,
	    "max_score": RAM512,
	    "number": "Phase 03, test RAM512: 5",
	    "output": "hasm.py not submitted"
	},
	{
	    "score": 0,
	    "max_score": RAM64,
	    "number": "Phase 03, test RAM64: 8",
	    "output": "hasm.py not submitted"
	},
	{
	    "score": 0,
	    "max_score": RAM8,
	    "number": "Phase 03, test RAM8: 13",
	    "output": "hasm.py not submitted"
	},
	{
	    "score": 0,
	    "max_score": Register,
	    "number": "Phase 03, test Register: 3",
	    "output": "hasm.py not submitted"
	},
	{
	    "score": 0,
	    "max_score": Fill,
	    "number": "Phase 04, test Fill: 8",
	    "output": "hasm.py not submitted"
	},
	{
	    "score": 0,
	    "max_score": FillStatic,
	    "number": "Phase 04, test FillStatic: 21",
	    "output": "hasm.py not submitted"
	},
	{
	    "score": 0,
	    "max_score": Mult,
	    "number": "Phase 04, test Mult: 21",
	    "output": "hasm.py not submitted"
	},
	{
	    "score": 5,
	    "max_score": 5,
	    "number": "Phase 1, test 1: instructions/AInstruction",
	    "output": "Output is identical to the standard assembler"
	},
	{
	    "score": 5,
	    "max_score": 5,
	    "number": "Phase 1, test 2: instructions/Comp",
	    "output": "Output is identical to the standard assembler"
	},
	{
	    "score": 5,
	    "max_score": 5,
	    "number": "Phase 1, test 3: instructions/Dest",
	    "output": "Output is identical to the standard assembler"
	},
	{
	    "score": 1,
	    "max_score": 1,
	    "number": "Phase 1, test 4: add/Add",
	    "output": "Output is identical to the standard assembler"
	},
	{
	    "score": 13,
	    "max_score": 13,
	    "number": "Phase 1, test 5: instructions/Jump",
	    "output": "Output is identical to the standard assembler"
	},
	{
	    "score": 1,
	    "max_score": 1,
	    "number": "Phase 1, test 7: max/MaxL",
	    "output": "Output is identical to the standard assembler"
	},
	{
	    "score": 1,
	    "max_score": 1,
	    "number": "Phase 1, test 8: rect/RectL",
	    "output": "Output is identical to the standard assembler"
	},
	{
	    "score": 1,
	    "max_score": 1,
	    "number": "Phase 1, test 9: pong/PongL",
	    "output": "Output is identical to the standard assembler"
	},
	{
	    "score": 5,
	    "max_score": 5,
	    "number": "Phase 2, test 1: symbols/Predefined",
	    "output": "Output is identical to the standard assembler"
	},
	{
	    "score": 8,
	    "max_score": 8,
	    "number": "Phase 2, test 2: symbols/Label",
	    "output": "Output is identical to the standard assembler"
	},
	{
	    "score": 5,
	    "max_score": 5,
	    "number": "Phase 2, test 3: symbols/Labels",
	    "output": "Output is identical to the standard assembler"
	},
	{
	    "score": 13,
	    "max_score": 13,
	    "number": "Phase 2, test 4: symbols/Variables",
	    "output": "Output is identical to the standard assembler"
	},
	{
	    "score": 0,
	    "max_score": 1,
	    "number": "Phase 2, test 5: max/Max",
	    "output": "Output differs from the standard assembler"
	},
	{
	    "score": 1,
	    "max_score": 1,
	    "number": "Phase 2, test 6: rect/Rect",
	    "output": "Output is identical to the standard assembler"
	},
	{
	    "score": 1,
	    "max_score": 1,
	    "number": "Phase 2, test 7: pong/Pong",
	    "output": "Output is identical to the standard assembler"
	},
	{
	    "score": 8,
	    "max_score": 8,
	    "number": "Bit",
	    "output": "All tests pass!"
	},
	{
	    "score": 13,
	    "max_score": 13,
	    "number": "PC",
	    "output": "All tests pass!"
	},
	{
	    "score": 5,
	    "max_score": 5,
	    "number": "RAM512",
	    "output": "All tests pass!"
	},
	{
	    "score": 8,
	    "max_score": 8,
	    "number": "RAM64",
	    "output": "All tests pass!"
	},
	{
	    "score": 13,
	    "max_score": 13,
	    "number": "RAM8",
	    "output": "All tests pass!"
	},
	{
	    "score": 3,
	    "max_score": 3,
	    "number": "Register",
	    "output": "All tests pass!"
	}
    ]
}
