{ "tests":
    [
	{
	    "score": 8,
	    "max_score": 8,
	    "number": "Bit",
	    "output": "All tests pass!"
	},
	{
	    "score": 13,
	    "max_score": 13,
	    "number": "PC",
	    "output": "All tests pass!"
	},
	{
	    "score": 5,
	    "max_score": 5,
	    "number": "RAM512",
	    "output": "All tests pass!"
	},
	{
	    "score": 8,
	    "max_score": 8,
	    "number": "RAM64",
	    "output": "All tests pass!"
	},
	{
	    "score": 13,
	    "max_score": 13,
	    "number": "RAM8",
	    "output": "All tests pass!"
	},
	{
	    "score": 3,
	    "max_score": 3,
	    "number": "Register",
	    "output": "All tests pass!"
	},
	{
	    "score": 5,
	    "max_score": 5,
	    "number": "b/RAM16K",
	    "output": "All tests pass!"
	},
	{
	    "score": 5,
	    "max_score": 5,
	    "number": "b/RAM4K",
	    "output": "All tests pass!"
	}
    ]
}
