{ "tests":
    [
	{
	    "score": 5,
	    "max_score": 5,
	    "number": "Stage A, test 1: instructions/AInstruction",
	    "output": "Output is identical to the standard assembler"
	},
	{
	    "score": 0,
	    "max_score": 5,
	    "number": "Stage A, test 2: instructions/Comp",
	    "output": "Output differs from the standard assembler"
	},
	{
	    "score": 0,
	    "max_score": 5,
	    "number": "Stage A, test 3: instructions/Dest",
	    "output": "Output differs from the standard assembler"
	},
	{
	    "score": 0,
	    "max_score": 1,
	    "number": "Stage A, test 4: add/Add",
	    "output": "Output differs from the standard assembler"
	},
	{
	    "score": 0,
	    "max_score": 13,
	    "number": "Stage A, test 5: instructions/Jump",
	    "output": "Output differs from the standard assembler"
	},
	{
	    "score": 0,
	    "max_score": 1,
	    "number": "Stage A, test 7: max/MaxL",
	    "output": "Output differs from the standard assembler"
	},
	{
	    "score": 0,
	    "max_score": 1,
	    "number": "Stage A, test 8: rect/RectL",
	    "output": "Output differs from the standard assembler"
	},
	{
	    "score": 0,
	    "max_score": 1,
	    "number": "Stage A, test 9: pong/PongL",
	    "output": "Output differs from the standard assembler"
	},
	{
	    "score": 5,
	    "max_score": 5,
	    "number": "Stage B, test 1: symbols/Predefined",
	    "output": "Output is identical to the standard assembler"
	},
	{
	    "score": 0,
	    "max_score": 8,
	    "number": "Stage B, test 2: symbols/Label",
	    "output": "Output differs from the standard assembler"
	},
	{
	    "score": 0,
	    "max_score": 5,
	    "number": "Stage B, test 3: symbols/Labels",
	    "output": "Output differs from the standard assembler"
	},
	{
	    "score": 0,
	    "max_score": 13,
	    "number": "Stage B, test 4: symbols/Variables",
	    "output": "Output differs from the standard assembler"
	},
	{
	    "score": 0,
	    "max_score": 1,
	    "number": "Stage B, test 5: max/Max",
	    "output": "Output differs from the standard assembler"
	},
	{
	    "score": 0,
	    "max_score": 1,
	    "number": "Stage B, test 6: rect/Rect",
	    "output": "Output differs from the standard assembler"
	},
	{
	    "score": 0,
	    "max_score": 1,
	    "number": "Stage B, test 7: pong/Pong",
	    "output": "Output differs from the standard assembler"
	}
    ]
}
