{ "tests":
    [
	{
	    "score": 5,
	    "max_score": 5,
	    "number": "Phase 1, test 1: instructions/AInstruction",
	    "output": "Output is identical to the standard assembler"
	},
	{
	    "score": 0,
	    "max_score": 1,
	    "number": "Phase 1, test 2: instructions/ADOperations",
	    "output": "Output differs from the standard assembler"
	},
	{
	    "score": 0,
	    "max_score": 1,
	    "number": "Phase 1, test 3: add/Add",
	    "output": "Output differs from the standard assembler"
	},
	{
	    "score": 0,
	    "max_score": 1,
	    "number": "Phase 1, test 4: instructions/MOperations",
	    "output": "Output differs from the standard assembler"
	},
	{
	    "score": 0,
	    "max_score": 1,
	    "number": "Phase 1, test 5: instructions/Destinations",
	    "output": "Output differs from the standard assembler"
	},
	{
	    "score": 0,
	    "max_score": 1,
	    "number": "Phase 1, test 6: instructions/Jumps",
	    "output": "Output differs from the standard assembler"
	},
	{
	    "score": 0,
	    "max_score": 1,
	    "number": "Phase 1, test 7: instructions/JumpsWithOperations",
	    "output": "Output differs from the standard assembler"
	},
	{
	    "score": 0,
	    "max_score": 1,
	    "number": "Phase 1, test 8: max/MaxL",
	    "output": "Output differs from the standard assembler"
	},
	{
	    "score": 0,
	    "max_score": 1,
	    "number": "Phase 1, test 9: rect/RectL",
	    "output": "Output differs from the standard assembler"
	},
	{
	    "score": 0,
	    "max_score": 1,
	    "number": "Phase 1, test A: pong/PongL",
	    "output": "Output differs from the standard assembler"
	},
	{
	    "score": 0,
	    "max_score": 1,
	    "number": "Phase 2, test 1: symbols/Predefined",
	    "output": "Output differs from the standard assembler"
	},
	{
	    "score": 0,
	    "max_score": 1,
	    "number": "Phase 2, test 2: symbols/Label",
	    "output": "Output differs from the standard assembler"
	},
	{
	    "score": 0,
	    "max_score": 1,
	    "number": "Phase 2, test 3: symbols/Labels",
	    "output": "Output differs from the standard assembler"
	},
	{
	    "score": 0,
	    "max_score": 1,
	    "number": "Phase 2, test 4: symbols/Variables",
	    "output": "Output differs from the standard assembler"
	},
	{
	    "score": 0,
	    "max_score": 1,
	    "number": "Phase 2, test 5: max/Max",
	    "output": "Output differs from the standard assembler"
	},
	{
	    "score": 0,
	    "max_score": 1,
	    "number": "Phase 2, test 6: rect/Rect",
	    "output": "Output differs from the standard assembler"
	},
	{
	    "score": 0,
	    "max_score": 1,
	    "number": "Phase 2, test 7: pong/Pong",
	    "output": "Output differs from the standard assembler"
	}
    ]
}
