{ "tests":
    [
	{
	    "score": 28,
	    "max_score": 34,
	    "number": "CPU",
	    "output": "First 27 out of 92 tests passed. Test failure: A=A+1. Working: A-instruction, PC increment, D-Register. Probably working: ALU, memory read/write."
	},
	{
	    "score": 0,
	    "max_score": 5,
	    "number": "Computer-Add",
	    "output": "Circuit not submitted"
	},
	{
	    "score": 0,
	    "max_score": 5,
	    "number": "Computer-Max",
	    "output": "Circuit not submitted"
	},
	{
	    "score": 0,
	    "max_score": 5,
	    "number": "Computer-Rect",
	    "output": "Circuit not submitted"
	},
	{
	    "score": 0,
	    "max_score": 13,
	    "number": "Memory",
	    "output": "Circuit not submitted"
	}
    ]
}
