{ "tests":
    [
	{
	    "score": 34,
	    "max_score": 34,
	    "number": "CPU",
	    "output": "All tests pass!"
	},
	{
	    "score": 0,
	    "max_score": 3,
	    "number": "Computer-Add",
	    "output": "Circuit not submitted"
	},
	{
	    "score": 0,
	    "max_score": 3,
	    "number": "Computer-Max",
	    "output": "Circuit not submitted"
	},
	{
	    "score": 0,
	    "max_score": 3,
	    "number": "Computer-Rect",
	    "output": "Circuit not submitted"
	},
	{
	    "score": 0,
	    "max_score": 13,
	    "number": "Memory",
	    "output": "Circuit not submitted"
	}
    ]
}
